[
  {
    "Title": "At the Top of Brooklyn Bridge",
    "Year": "1897",
    "imdbID": "tt0218014",
    "Type": "movie",
    "Poster": "https://m.media-amazon.com/images/M/MV5BODE2MTc0ODI2Ml5BMl5BanBnXkFtZTgwODUzMzAxMzE@._V1_SX300.jpg"
  },
  {
    "Title": "My Life Over the Top",
    "Year": "2015",
    "imdbID": "tt5010882",
    "Type": "movie",
    "Poster": "https://m.media-amazon.com/images/M/MV5BMjAxODAyNTIyOV5BMl5BanBnXkFtZTgwMDk5MDg3NjE@._V1_SX300.jpg"
  },
  {
    "Title": "Top Gear Sverige",
    "Year": "2020–",
    "imdbID": "tt12405368",
    "Type": "series",
    "Poster": "https://m.media-amazon.com/images/M/MV5BMDc5OGM5ODMtMDM2OS00MDk1LTgzYjgtNzM2MmU5MTljYjk0XkEyXkFqcGdeQXVyMTQzMjU1NjE@._V1_SX300.jpg"
  },
  {
    "Title": "Rhodes to the Top",
    "Year": "2021–",
    "imdbID": "tt14452854",
    "Type": "series",
    "Poster": "https://m.media-amazon.com/images/M/MV5BNzU4OTdjNWYtMjg3My00Njc2LTgzYjAtMzU0MzQzMTZjM2ZmXkEyXkFqcGdeQXVyMjUwMjUzNDQ@._V1_SX300.jpg"
  },
  {
    "Title": "Top Hooker",
    "Year": "2013–",
    "imdbID": "tt2997000",
    "Type": "series",
    "Poster": "https://m.media-amazon.com/images/M/MV5BODE2MTc0ODI2Ml5BMl5BanBnXkFtZTgwODUzMzAxMzE@._V1_SX300.jpg"
  }
]
